"","VIP","Coefficient"
"houses_per_ha",0.103866300680379,978761.885611073
"house_price",0.0229701097164745,216453.919620888
"agric_land_price",0.0504620462146283,475518.307490398
"fire_fight_cost_per_ha",0.0288368083195719,271737.500045585
"salvage_logging_cost_per_ha",2.23277992332884,-21040124.4060549
